{
  "k": 5,
  "avg": {
    "accuracy": 0.9538461538461538,
    "precision": 0.975,
    "recall": 0.9555555555555555,
    "f1": 0.9647058823529411,
    "auc": 0.9527777777777778
  },
  "std": {
    "accuracy": 0.0923076923076923,
    "precision": 0.049999999999999996,
    "recall": 0.08888888888888888,
    "f1": 0.07058823529411767,
    "auc": 0.09444444444444447
  },
  "roc_mean": {
    "fpr": [
      0.0,
      0.01,
      0.02,
      0.03,
      0.04,
      0.05,
      0.06,
      0.07,
      0.08,
      0.09,
      0.1,
      0.11,
      0.12,
      0.13,
      0.14,
      0.15,
      0.16,
      0.17,
      0.18,
      0.19,
      0.2,
      0.21,
      0.22,
      0.23,
      0.24,
      0.25,
      0.26,
      0.27,
      0.28,
      0.29,
      0.3,
      0.31,
      0.32,
      0.33,
      0.34,
      0.35000000000000003,
      0.36,
      0.37,
      0.38,
      0.39,
      0.4,
      0.41000000000000003,
      0.42,
      0.43,
      0.44,
      0.45,
      0.46,
      0.47000000000000003,
      0.48,
      0.49,
      0.5,
      0.51,
      0.52,
      0.53,
      0.54,
      0.55,
      0.56,
      0.5700000000000001,
      0.58,
      0.59,
      0.6,
      0.61,
      0.62,
      0.63,
      0.64,
      0.65,
      0.66,
      0.67,
      0.68,
      0.6900000000000001,
      0.7000000000000001,
      0.71,
      0.72,
      0.73,
      0.74,
      0.75,
      0.76,
      0.77,
      0.78,
      0.79,
      0.8,
      0.81,
      0.8200000000000001,
      0.8300000000000001,
      0.84,
      0.85,
      0.86,
      0.87,
      0.88,
      0.89,
      0.9,
      0.91,
      0.92,
      0.93,
      0.9400000000000001,
      0.9500000000000001,
      0.96,
      0.97,
      0.98,
      0.99,
      1.0
    ],
    "tpr": [
      0.0,
      0.8062222222222223,
      0.8124444444444444,
      0.8186666666666668,
      0.8248888888888889,
      0.8311111111111111,
      0.8373333333333333,
      0.8435555555555556,
      0.8497777777777777,
      0.8560000000000001,
      0.8622222222222222,
      0.8684444444444445,
      0.8746666666666666,
      0.8808888888888889,
      0.8871111111111111,
      0.8933333333333333,
      0.8995555555555554,
      0.9057777777777778,
      0.9119999999999999,
      0.9182222222222223,
      0.9244444444444444,
      0.9306666666666666,
      0.936888888888889,
      0.9431111111111111,
      0.9493333333333334,
      0.9555555555555555,
      0.9561481481481481,
      0.9567407407407407,
      0.9573333333333334,
      0.957925925925926,
      0.9585185185185185,
      0.9591111111111111,
      0.9597037037037037,
      0.9602962962962962,
      0.9608888888888888,
      0.9614814814814816,
      0.9620740740740741,
      0.9626666666666667,
      0.9632592592592593,
      0.9638518518518518,
      0.9644444444444444,
      0.9650370370370371,
      0.9656296296296297,
      0.9662222222222223,
      0.9668148148148148,
      0.9674074074074074,
      0.968,
      0.9685925925925926,
      0.9691851851851851,
      0.9697777777777778,
      0.9703703703703704,
      0.970962962962963,
      0.9715555555555555,
      0.9721481481481481,
      0.9727407407407407,
      0.9733333333333334,
      0.973925925925926,
      0.9745185185185186,
      0.9751111111111112,
      0.9757037037037037,
      0.9762962962962962,
      0.9768888888888888,
      0.9774814814814814,
      0.9780740740740741,
      0.9786666666666667,
      0.9792592592592593,
      0.9798518518518519,
      0.9804444444444445,
      0.9810370370370369,
      0.9816296296296297,
      0.9822222222222223,
      0.9828148148148148,
      0.9834074074074074,
      0.984,
      0.9845925925925926,
      0.9851851851851852,
      0.9857777777777776,
      0.9863703703703705,
      0.986962962962963,
      0.9875555555555555,
      0.9881481481481481,
      0.9887407407407407,
      0.9893333333333333,
      0.989925925925926,
      0.9905185185185186,
      0.9911111111111112,
      0.9917037037037038,
      0.9922962962962962,
      0.9928888888888888,
      0.9934814814814814,
      0.994074074074074,
      0.9946666666666667,
      0.9952592592592593,
      0.9958518518518519,
      0.9964444444444445,
      0.9970370370370369,
      0.9976296296296295,
      0.9982222222222223,
      0.9988148148148148,
      0.9994074074074074,
      1.0
    ]
  }
}