{
  "k": 5,
  "avg": {
    "accuracy": 0.99,
    "precision": 0.9857142857142858,
    "recall": 1.0,
    "f1": 0.9925925925925926,
    "auc": 0.9857142857142858
  },
  "std": {
    "accuracy": 0.020000000000000018,
    "precision": 0.02857142857142856,
    "recall": 0.0,
    "f1": 0.014814814814814836,
    "auc": 0.02857142857142856
  },
  "auc_mean": 0.9857142857142858,
  "auc_std": 0.02857142857142856,
  "auc_ci95": [
    0.920982142857143,
    1.0
  ],
  "roc_mean": {
    "fpr": [
      0.0,
      0.01,
      0.02,
      0.03,
      0.04,
      0.05,
      0.06,
      0.07,
      0.08,
      0.09,
      0.1,
      0.11,
      0.12,
      0.13,
      0.14,
      0.15,
      0.16,
      0.17,
      0.18,
      0.19,
      0.2,
      0.21,
      0.22,
      0.23,
      0.24,
      0.25,
      0.26,
      0.27,
      0.28,
      0.29,
      0.3,
      0.31,
      0.32,
      0.33,
      0.34,
      0.35000000000000003,
      0.36,
      0.37,
      0.38,
      0.39,
      0.4,
      0.41000000000000003,
      0.42,
      0.43,
      0.44,
      0.45,
      0.46,
      0.47000000000000003,
      0.48,
      0.49,
      0.5,
      0.51,
      0.52,
      0.53,
      0.54,
      0.55,
      0.56,
      0.5700000000000001,
      0.58,
      0.59,
      0.6,
      0.61,
      0.62,
      0.63,
      0.64,
      0.65,
      0.66,
      0.67,
      0.68,
      0.6900000000000001,
      0.7000000000000001,
      0.71,
      0.72,
      0.73,
      0.74,
      0.75,
      0.76,
      0.77,
      0.78,
      0.79,
      0.8,
      0.81,
      0.8200000000000001,
      0.8300000000000001,
      0.84,
      0.85,
      0.86,
      0.87,
      0.88,
      0.89,
      0.9,
      0.91,
      0.92,
      0.93,
      0.9400000000000001,
      0.9500000000000001,
      0.96,
      0.97,
      0.98,
      0.99,
      1.0
    ],
    "tpr": [
      0.0,
      0.8140000000000001,
      0.8280000000000001,
      0.842,
      0.8560000000000001,
      0.8699999999999999,
      0.884,
      0.898,
      0.9120000000000001,
      0.9259999999999999,
      0.9400000000000001,
      0.954,
      0.968,
      0.982,
      0.9960000000000001,
      1.0,
      1.0,
      1.0,
      1.0,
      1.0,
      1.0,
      1.0,
      1.0,
      1.0,
      1.0,
      1.0,
      1.0,
      1.0,
      1.0,
      1.0,
      1.0,
      1.0,
      1.0,
      1.0,
      1.0,
      1.0,
      1.0,
      1.0,
      1.0,
      1.0,
      1.0,
      1.0,
      1.0,
      1.0,
      1.0,
      1.0,
      1.0,
      1.0,
      1.0,
      1.0,
      1.0,
      1.0,
      1.0,
      1.0,
      1.0,
      1.0,
      1.0,
      1.0,
      1.0,
      1.0,
      1.0,
      1.0,
      1.0,
      1.0,
      1.0,
      1.0,
      1.0,
      1.0,
      1.0,
      1.0,
      1.0,
      1.0,
      1.0,
      1.0,
      1.0,
      1.0,
      1.0,
      1.0,
      1.0,
      1.0,
      1.0,
      1.0,
      1.0,
      1.0,
      1.0,
      1.0,
      1.0,
      1.0,
      1.0,
      1.0,
      1.0,
      1.0,
      1.0,
      1.0,
      1.0,
      1.0,
      1.0,
      1.0,
      1.0,
      1.0,
      1.0
    ]
  },
  "youden_oof": {
    "tpr": 1.0,
    "fpr": 0.02857142857142857,
    "tau": 0.8218181818181819
  },
  "oof": {
    "fpr": [
      0.0,
      0.02857142857142857,
      0.02857142857142857,
      0.02857142857142857,
      0.02857142857142857,
      0.02857142857142857,
      0.22857142857142856,
      1.0
    ],
    "tpr": [
      0.0,
      0.203125,
      0.765625,
      0.9375,
      0.96875,
      1.0,
      1.0,
      1.0
    ],
    "thresholds": [
      Infinity,
      1.0,
      0.9833333333333332,
      0.9636363636363636,
      0.9433333333333334,
      0.8218181818181819,
      0.04,
      0.0
    ]
  }
}