{
  "auc": 0.9545454545454545,
  "fpr": [
    0.0,
    0.09090909090909091,
    1.0
  ],
  "tpr": [
    0.0,
    1.0,
    1.0
  ],
  "thresholds": [
    Infinity,
    1.0,
    0.0
  ],
  "tau_youden_holdout": 1.0,
  "sens_at_tau": 1.0,
  "spec_at_tau": 0.9090909090909091
}