{
  "auc": 0.9545454545454545,
  "fpr": [
    0.0,
    0.09090909090909091,
    1.0
  ],
  "tpr": [
    0.0,
    1.0,
    1.0
  ],
  "thresholds": [
    Infinity,
    1.0,
    0.0
  ],
  "tau_youden": 1.0
}